avto-russia.ru	0.359259974230291
bmwclub.ru	0.309990155152660
cars.ru	0.206645551091258
passat-b5.ru	0.002578679482178
auto.yandex.ru	0.002571097817292
as8.ru	0.001489523894579
avtogermes.ru	0.001294928984349
club-fx.ru	0.001131024750105
spravka003.ru	0.001017938547243
car-total.ru	0.000896192780690
e36club.ru	0.000681195134664
shop.kalyan-hut.ru	0.000648649431898
yandex.ru	0.000636764636439
eleks.ru	0.000623918543043
e38-club.ru	0.000581387907786
stonerrock.borda.ru	0.000561362324295
forums.warforge.ru	0.000473234788773
vwts.ru	0.000451585662240
google.ru	0.000443043945066
e90club.ru	0.000430590419204
app.autoxp.ru	0.000425045403779
mercedes-benz-e.ru	0.000366799245988
inixi.ru	0.000354081513677
se7enkills.net	0.000351515944072
e53club.ru	0.000315766307416
xn--80aakahknigpedfdm6u.xn--p1ai	0.000313769591832
c4-club.ru	0.000306197631434
sex-empire.ru	0.000304726478408
nado.in	0.000304169832550
allday2.com	0.000274911329834
americanakita.forum24.ru	0.000271112486165
lecoshop.ru	0.000265320567928
vw-golfclub.ru	0.000254866729844
tarkos.ru	0.000250484362218
trance-global.com	0.000242406458218
highaltitudeimports.com	0.000232837782236
m-power.ru	0.000228805006918
forum.allgaz.ru	0.000223671267998
auto-papa.ru	0.000223646817148
forum.chiptuner.ru	0.000214896514769
avizinfo.kz	0.000208020394300
1000projects.ru	0.000197752636968
forum.adact.ru	0.000197524811349
restoran.kz	0.000197236366940
en.www.lensart.ru	0.000194759358840
msk.fara.ru	0.000191373519646
gs-trade.ru	0.000177139519055
forum.holonet.ru	0.000162667491699
imperiya.by	0.000156803315173
cars-cars.ru	0.000156288374378
orenburg-gov.ru	0.000153344166383
hjc-russia.ru	0.000153098815717
gai.ru	0.000150155396631
okp-okpd.ru	0.000149909257056
sexandsex.ru	0.000143613526889
abz.by	0.000134033953722
razvilka.borda.ru	0.000130771905091
flashgamesspot.com	0.000130476575586
voiska.ru	0.000128206390517
forum.kalibrgun.ru	0.000127582346431
newfiz.unoforum.ru	0.000127582346431
tlt.narule.ru	0.000127582346431
cars.kg	0.000124471219540
hk.job-less.info	0.000124392787770
master-saratov.ru	0.000124392787770
used-cars.ru	0.000124392787770
autoinfosale.ru	0.000121203229109
carexpert.ru	0.000118177237559
mail.rambler.ru	0.000117263186058
shahty.ru	0.000115222806620
beyka.ru	0.000114824111788
orsk.ru	0.000113620702188
autobaza.kg	0.000112564841070
catalog.bmwclub.ru	0.000108444994466
automd.su	0.000106149128570
sko.nasmnogo.net	0.000105991487804
bmwpeople.ru	0.000105346566053
fbs-rk.kz	0.000104982045063
lift-service.ru	0.000102065877145
cska-hockey.ru	0.000101045647943
online.animedia.tv	0.000099456238240
restoran-kuvshin.ru	0.000098876318484
tw.job-less.info	0.000098876318484
universalmotors.ru	0.000098443168542
kbrria.ru	0.000097680233986
dream-land.ru	0.000095786433531
cheboksary.narule.ru	0.000095686759823
dolpizza.ru	0.000095686759823
peugeot-club.net	0.000094541790047
premierautos.ru	0.000094214655826
bestjava.ru	0.000093994340942
autocontent.kz	0.000093611015298
konsald-immobilien.com	0.000092497201162
6ppc.ru	0.000089307642502
aseller.ru	0.000089307642502
shopconros.ru	0.000086529639797
mobilcd.ru	0.000082928525180
servavto.ru	0.000082928525180
newsland.com	0.000080843912288
mal-kuz.ru	0.000079857098321
autoconfig.ru	0.000079738966519
bibika.ru	0.000079738966519
kostanay.freeads.kz	0.000079738966519
moskvorechie.ru	0.000077005059096
forum.kuzmama.ru	0.000076869506936
autocenter-msk.ru	0.000074349712230
fitnessbar.ru	0.000074008572993
mp3passion.net	0.000073487431544
thehobby.ru	0.000073487431544
video74.ru	0.000073359849198
offroadpeople.forum24.ru	0.000070660991869
pdd-bilety.ru	0.000070303188814
mercury-russia.ru	0.000070170290537
theunity.borda.ru	0.000070014702310
electro-mpo.ru	0.000069993539175
mondeoclub.ru	0.000068894467073
avtototal.ru	0.000066980731876
hronika-2012.com	0.000066980731876
probalet.info	0.000066980731876
avto-ug.ru	0.000064322766325
nissan-lideravto.ru	0.000063791173215
prmotors.ru	0.000060753498300
forum.awd.ru	0.000059578548569
bitavto.ru	0.000059383783066
freezar.ru	0.000057991975650
go.mail.ru	0.000057633921229
autoschoolmgn.ru	0.000057412055894
clubinka.ru	0.000057412055894
nordwood.pro	0.000057412055894
slotcasino.su	0.000057072741143
zapmeta.ru	0.000055470585405
bmwclubrussia.ru	0.000054830032216
omsk.narule.ru	0.000054361173697
ludiipoteki.ru	0.000054222497233
pro-dvor.ru	0.000054222497233
sierraclub-spb.borda.ru	0.000054222497233
torrents-nn.cn	0.000053142567923
software4pc.ru	0.000052337758024
clck.yandex.ru	0.000051215813774
arenda-kvartir.ndv.ru	0.000051129591865
jam.az	0.000051032938572
pc01.ru	0.000051032938572
today.az	0.000051032938572
yar-drive.ru	0.000051032938572
search.1and1.com	0.000050235548907
forum.hdtracker.org	0.000050062203328
zmost.ru	0.000050062203328
qualcom.ru	0.000049625780340
tuningsport.ru	0.000049090579131
mygirly.ru	0.000049003219425
rthl.ru	0.000048514865945
arsenal-holding.ru	0.000047843379912
avtoor.ru	0.000047843379912
brakeshop.ru	0.000047843379912
grandmollis.ru	0.000047843379912
kns-service.ru	0.000047843379912
lansvi.ru	0.000047843379912
mail.vw-golfclub.ru	0.000047843379912
vse-sni.ru	0.000047843379912
пддонлайнэкзамен.рф	0.000047843379912
animedia.tv	0.000047252720900
yurok-club.ru	0.000046658686695
ntsk.ru	0.000045601214912
onhot.ru	0.000045520121134
bing.com	0.000045453246804
gazeta.aif.ru	0.000044853168667
avto-vykup.kiev.ua	0.000044653821251
keywordanddescriptiongenerator.com	0.000044653821251
nissanmaximaclub.ru	0.000044653821251
voditeltoday.ru	0.000044653821251
5lb.ru	0.000043652222037
cr-v.su	0.000042414343893
pokraska-russia.ru	0.000042214746981
callofdarkness.ru	0.000041464262590
e28club.ru	0.000041464262590
jaroslav-avto.ru	0.000041464262590
pugalko.ru	0.000039072093594
tmn.domru.ru	0.000038661317100
autosurgut.ru	0.000038274703929
erofunvid.blogspot.ru	0.000038274703929
hdvision.info	0.000038274703929
pledysrukavami.ru	0.000038274703929
miskhor.com.ua	0.000036773735148
uralst.ru	0.000036773735148
tuningleader.ru	0.000035982208642
diskibmw.ru	0.000035085145268
m.avto-russia.ru	0.000035085145268
tasselmagic.ru	0.000035085145268
trekerr.ru	0.000035085145268
dobermanns.ru	0.000034730749862
samara.narule.ru	0.000034730749862
bit-torrent.bz	0.000034021959048
ru.trovit.com	0.000033865608133
novostroyki.ndv.ru	0.000033639876500
forum.lancerx.ru	0.000032902815658
kapital-kudrovo.ru	0.000032713422162
autoomsk.net	0.000031895586608
avtgr.ru	0.000031895586608
online-lestnici.umi.ru	0.000031895586608
xn----7sbzjfhwjgdbg8bq8b.xn--p1ai	0.000031895586608
